--
-- PostgreSQL database dump
--

-- Dumped from database version 14.1
-- Dumped by pg_dump version 17.2

SET statement_timeout = 0;
SET lock_timeout = 0;
SET idle_in_transaction_session_timeout = 0;
SET transaction_timeout = 0;
SET client_encoding = 'UTF8';
SET standard_conforming_strings = on;
SELECT pg_catalog.set_config('search_path', '', false);
SET check_function_bodies = false;
SET xmloption = content;
SET client_min_messages = warning;
SET row_security = off;

--
-- Name: public; Type: SCHEMA; Schema: -; Owner: hottabuch
--

-- *not* creating schema, since initdb creates it


ALTER SCHEMA public OWNER TO hottabuch;

SET default_tablespace = '';

SET default_table_access_method = heap;

--
-- Name: auth_group; Type: TABLE; Schema: public; Owner: hottabuch
--

CREATE TABLE public.auth_group (
    id integer NOT NULL,
    name character varying(150) NOT NULL
);


ALTER TABLE public.auth_group OWNER TO hottabuch;

--
-- Name: auth_group_id_seq; Type: SEQUENCE; Schema: public; Owner: hottabuch
--

ALTER TABLE public.auth_group ALTER COLUMN id ADD GENERATED BY DEFAULT AS IDENTITY (
    SEQUENCE NAME public.auth_group_id_seq
    START WITH 1
    INCREMENT BY 1
    NO MINVALUE
    NO MAXVALUE
    CACHE 1
);


--
-- Name: auth_group_permissions; Type: TABLE; Schema: public; Owner: hottabuch
--

CREATE TABLE public.auth_group_permissions (
    id bigint NOT NULL,
    group_id integer NOT NULL,
    permission_id integer NOT NULL
);


ALTER TABLE public.auth_group_permissions OWNER TO hottabuch;

--
-- Name: auth_group_permissions_id_seq; Type: SEQUENCE; Schema: public; Owner: hottabuch
--

ALTER TABLE public.auth_group_permissions ALTER COLUMN id ADD GENERATED BY DEFAULT AS IDENTITY (
    SEQUENCE NAME public.auth_group_permissions_id_seq
    START WITH 1
    INCREMENT BY 1
    NO MINVALUE
    NO MAXVALUE
    CACHE 1
);


--
-- Name: auth_permission; Type: TABLE; Schema: public; Owner: hottabuch
--

CREATE TABLE public.auth_permission (
    id integer NOT NULL,
    name character varying(255) NOT NULL,
    content_type_id integer NOT NULL,
    codename character varying(100) NOT NULL
);


ALTER TABLE public.auth_permission OWNER TO hottabuch;

--
-- Name: auth_permission_id_seq; Type: SEQUENCE; Schema: public; Owner: hottabuch
--

ALTER TABLE public.auth_permission ALTER COLUMN id ADD GENERATED BY DEFAULT AS IDENTITY (
    SEQUENCE NAME public.auth_permission_id_seq
    START WITH 1
    INCREMENT BY 1
    NO MINVALUE
    NO MAXVALUE
    CACHE 1
);


--
-- Name: django_admin_log; Type: TABLE; Schema: public; Owner: hottabuch
--

CREATE TABLE public.django_admin_log (
    id integer NOT NULL,
    action_time timestamp with time zone NOT NULL,
    object_id text,
    object_repr character varying(200) NOT NULL,
    action_flag smallint NOT NULL,
    change_message text NOT NULL,
    content_type_id integer,
    user_id bigint NOT NULL,
    CONSTRAINT django_admin_log_action_flag_check CHECK ((action_flag >= 0))
);


ALTER TABLE public.django_admin_log OWNER TO hottabuch;

--
-- Name: django_admin_log_id_seq; Type: SEQUENCE; Schema: public; Owner: hottabuch
--

ALTER TABLE public.django_admin_log ALTER COLUMN id ADD GENERATED BY DEFAULT AS IDENTITY (
    SEQUENCE NAME public.django_admin_log_id_seq
    START WITH 1
    INCREMENT BY 1
    NO MINVALUE
    NO MAXVALUE
    CACHE 1
);


--
-- Name: django_content_type; Type: TABLE; Schema: public; Owner: hottabuch
--

CREATE TABLE public.django_content_type (
    id integer NOT NULL,
    app_label character varying(100) NOT NULL,
    model character varying(100) NOT NULL
);


ALTER TABLE public.django_content_type OWNER TO hottabuch;

--
-- Name: django_content_type_id_seq; Type: SEQUENCE; Schema: public; Owner: hottabuch
--

ALTER TABLE public.django_content_type ALTER COLUMN id ADD GENERATED BY DEFAULT AS IDENTITY (
    SEQUENCE NAME public.django_content_type_id_seq
    START WITH 1
    INCREMENT BY 1
    NO MINVALUE
    NO MAXVALUE
    CACHE 1
);


--
-- Name: django_migrations; Type: TABLE; Schema: public; Owner: hottabuch
--

CREATE TABLE public.django_migrations (
    id bigint NOT NULL,
    app character varying(255) NOT NULL,
    name character varying(255) NOT NULL,
    applied timestamp with time zone NOT NULL
);


ALTER TABLE public.django_migrations OWNER TO hottabuch;

--
-- Name: django_migrations_id_seq; Type: SEQUENCE; Schema: public; Owner: hottabuch
--

ALTER TABLE public.django_migrations ALTER COLUMN id ADD GENERATED BY DEFAULT AS IDENTITY (
    SEQUENCE NAME public.django_migrations_id_seq
    START WITH 1
    INCREMENT BY 1
    NO MINVALUE
    NO MAXVALUE
    CACHE 1
);


--
-- Name: django_session; Type: TABLE; Schema: public; Owner: hottabuch
--

CREATE TABLE public.django_session (
    session_key character varying(40) NOT NULL,
    session_data text NOT NULL,
    expire_date timestamp with time zone NOT NULL
);


ALTER TABLE public.django_session OWNER TO hottabuch;

--
-- Name: orders_avatar; Type: TABLE; Schema: public; Owner: hottabuch
--

CREATE TABLE public.orders_avatar (
    id bigint NOT NULL,
    is_active boolean NOT NULL,
    created timestamp with time zone NOT NULL,
    updated timestamp with time zone NOT NULL,
    deleted timestamp with time zone,
    uid uuid NOT NULL,
    image character varying(100)
);


ALTER TABLE public.orders_avatar OWNER TO hottabuch;

--
-- Name: orders_avatar_id_seq; Type: SEQUENCE; Schema: public; Owner: hottabuch
--

ALTER TABLE public.orders_avatar ALTER COLUMN id ADD GENERATED BY DEFAULT AS IDENTITY (
    SEQUENCE NAME public.orders_avatar_id_seq
    START WITH 1
    INCREMENT BY 1
    NO MINVALUE
    NO MAXVALUE
    CACHE 1
);


--
-- Name: orders_order; Type: TABLE; Schema: public; Owner: hottabuch
--

CREATE TABLE public.orders_order (
    id bigint NOT NULL,
    is_active boolean NOT NULL,
    created timestamp with time zone NOT NULL,
    updated timestamp with time zone NOT NULL,
    deleted timestamp with time zone,
    uid uuid NOT NULL,
    registration_fee numeric(10,2) NOT NULL,
    initial_payment numeric(10,2) NOT NULL,
    sms_info_service boolean NOT NULL,
    reglament character varying(100),
    agreement character varying(100),
    accept_reglament boolean NOT NULL,
    accept_agreement boolean NOT NULL,
    first_name character varying(45) NOT NULL,
    last_name character varying(45) NOT NULL,
    street character varying(45) NOT NULL,
    phone character varying(128) NOT NULL,
    email character varying(254) NOT NULL,
    comment text,
    viewed boolean NOT NULL,
    source character varying(255),
    connection_type_id bigint,
    equipment_id bigint,
    promotions_id bigint,
    settlement_id bigint,
    urgent_connection_id bigint,
    user_profile_id bigint,
    total_amount numeric(10,2) NOT NULL
);


ALTER TABLE public.orders_order OWNER TO hottabuch;

--
-- Name: orders_order_id_seq; Type: SEQUENCE; Schema: public; Owner: hottabuch
--

ALTER TABLE public.orders_order ALTER COLUMN id ADD GENERATED BY DEFAULT AS IDENTITY (
    SEQUENCE NAME public.orders_order_id_seq
    START WITH 1
    INCREMENT BY 1
    NO MINVALUE
    NO MAXVALUE
    CACHE 1
);


--
-- Name: profiles_avatar; Type: TABLE; Schema: public; Owner: hottabuch
--

CREATE TABLE public.profiles_avatar (
    id bigint NOT NULL,
    is_active boolean NOT NULL,
    created timestamp with time zone NOT NULL,
    updated timestamp with time zone NOT NULL,
    deleted timestamp with time zone,
    uid uuid NOT NULL,
    image character varying(100)
);


ALTER TABLE public.profiles_avatar OWNER TO hottabuch;

--
-- Name: profiles_avatar_id_seq; Type: SEQUENCE; Schema: public; Owner: hottabuch
--

ALTER TABLE public.profiles_avatar ALTER COLUMN id ADD GENERATED BY DEFAULT AS IDENTITY (
    SEQUENCE NAME public.profiles_avatar_id_seq
    START WITH 1
    INCREMENT BY 1
    NO MINVALUE
    NO MAXVALUE
    CACHE 1
);


--
-- Name: profiles_installationmaster; Type: TABLE; Schema: public; Owner: hottabuch
--

CREATE TABLE public.profiles_installationmaster (
    id bigint NOT NULL,
    registration_fee numeric(10,2) NOT NULL,
    initial_payment numeric(10,2) NOT NULL,
    sms_info_service boolean NOT NULL,
    use_default_equipment boolean NOT NULL,
    connection_type_id bigint,
    settlement_id bigint,
    urgent_connection_id bigint,
    user_profile_id bigint
);


ALTER TABLE public.profiles_installationmaster OWNER TO hottabuch;

--
-- Name: profiles_installationmaster_equipment; Type: TABLE; Schema: public; Owner: hottabuch
--

CREATE TABLE public.profiles_installationmaster_equipment (
    id bigint NOT NULL,
    installationmaster_id bigint NOT NULL,
    equipment_id bigint NOT NULL
);


ALTER TABLE public.profiles_installationmaster_equipment OWNER TO hottabuch;

--
-- Name: profiles_installationmaster_equipment_id_seq; Type: SEQUENCE; Schema: public; Owner: hottabuch
--

ALTER TABLE public.profiles_installationmaster_equipment ALTER COLUMN id ADD GENERATED BY DEFAULT AS IDENTITY (
    SEQUENCE NAME public.profiles_installationmaster_equipment_id_seq
    START WITH 1
    INCREMENT BY 1
    NO MINVALUE
    NO MAXVALUE
    CACHE 1
);


--
-- Name: profiles_installationmaster_id_seq; Type: SEQUENCE; Schema: public; Owner: hottabuch
--

ALTER TABLE public.profiles_installationmaster ALTER COLUMN id ADD GENERATED BY DEFAULT AS IDENTITY (
    SEQUENCE NAME public.profiles_installationmaster_id_seq
    START WITH 1
    INCREMENT BY 1
    NO MINVALUE
    NO MAXVALUE
    CACHE 1
);


--
-- Name: profiles_installationmaster_promotions; Type: TABLE; Schema: public; Owner: hottabuch
--

CREATE TABLE public.profiles_installationmaster_promotions (
    id bigint NOT NULL,
    installationmaster_id bigint NOT NULL,
    promotion_id bigint NOT NULL
);


ALTER TABLE public.profiles_installationmaster_promotions OWNER TO hottabuch;

--
-- Name: profiles_installationmaster_promotions_id_seq; Type: SEQUENCE; Schema: public; Owner: hottabuch
--

ALTER TABLE public.profiles_installationmaster_promotions ALTER COLUMN id ADD GENERATED BY DEFAULT AS IDENTITY (
    SEQUENCE NAME public.profiles_installationmaster_promotions_id_seq
    START WITH 1
    INCREMENT BY 1
    NO MINVALUE
    NO MAXVALUE
    CACHE 1
);


--
-- Name: profiles_installationmasterpromotion; Type: TABLE; Schema: public; Owner: hottabuch
--

CREATE TABLE public.profiles_installationmasterpromotion (
    id bigint NOT NULL,
    created_at timestamp with time zone NOT NULL,
    installation_master_id bigint NOT NULL,
    promotion_id bigint NOT NULL
);


ALTER TABLE public.profiles_installationmasterpromotion OWNER TO hottabuch;

--
-- Name: profiles_installationmasterpromotion_id_seq; Type: SEQUENCE; Schema: public; Owner: hottabuch
--

ALTER TABLE public.profiles_installationmasterpromotion ALTER COLUMN id ADD GENERATED BY DEFAULT AS IDENTITY (
    SEQUENCE NAME public.profiles_installationmasterpromotion_id_seq
    START WITH 1
    INCREMENT BY 1
    NO MINVALUE
    NO MAXVALUE
    CACHE 1
);


--
-- Name: services_connectiontype; Type: TABLE; Schema: public; Owner: hottabuch
--

CREATE TABLE public.services_connectiontype (
    id bigint NOT NULL,
    name character varying(255) NOT NULL,
    price numeric(10,2) NOT NULL
);


ALTER TABLE public.services_connectiontype OWNER TO hottabuch;

--
-- Name: services_connectiontype_id_seq; Type: SEQUENCE; Schema: public; Owner: hottabuch
--

ALTER TABLE public.services_connectiontype ALTER COLUMN id ADD GENERATED BY DEFAULT AS IDENTITY (
    SEQUENCE NAME public.services_connectiontype_id_seq
    START WITH 1
    INCREMENT BY 1
    NO MINVALUE
    NO MAXVALUE
    CACHE 1
);


--
-- Name: services_connectiontypeplace; Type: TABLE; Schema: public; Owner: hottabuch
--

CREATE TABLE public.services_connectiontypeplace (
    id bigint NOT NULL,
    name character varying(255) NOT NULL,
    price numeric(10,2) NOT NULL,
    locality_id bigint NOT NULL
);


ALTER TABLE public.services_connectiontypeplace OWNER TO hottabuch;

--
-- Name: services_connectiontypeplace_id_seq; Type: SEQUENCE; Schema: public; Owner: hottabuch
--

ALTER TABLE public.services_connectiontypeplace ALTER COLUMN id ADD GENERATED BY DEFAULT AS IDENTITY (
    SEQUENCE NAME public.services_connectiontypeplace_id_seq
    START WITH 1
    INCREMENT BY 1
    NO MINVALUE
    NO MAXVALUE
    CACHE 1
);


--
-- Name: services_equipment; Type: TABLE; Schema: public; Owner: hottabuch
--

CREATE TABLE public.services_equipment (
    id bigint NOT NULL,
    description text,
    price numeric(10,2) NOT NULL,
    type character varying(45),
    quantity integer NOT NULL,
    is_active boolean NOT NULL,
    equipment_type_id bigint NOT NULL,
    CONSTRAINT services_equipment_quantity_check CHECK ((quantity >= 0))
);


ALTER TABLE public.services_equipment OWNER TO hottabuch;

--
-- Name: services_equipment_id_seq; Type: SEQUENCE; Schema: public; Owner: hottabuch
--

ALTER TABLE public.services_equipment ALTER COLUMN id ADD GENERATED BY DEFAULT AS IDENTITY (
    SEQUENCE NAME public.services_equipment_id_seq
    START WITH 1
    INCREMENT BY 1
    NO MINVALUE
    NO MAXVALUE
    CACHE 1
);


--
-- Name: services_equipmenttype; Type: TABLE; Schema: public; Owner: hottabuch
--

CREATE TABLE public.services_equipmenttype (
    id bigint NOT NULL,
    name character varying(255) NOT NULL
);


ALTER TABLE public.services_equipmenttype OWNER TO hottabuch;

--
-- Name: services_equipmenttype_id_seq; Type: SEQUENCE; Schema: public; Owner: hottabuch
--

ALTER TABLE public.services_equipmenttype ALTER COLUMN id ADD GENERATED BY DEFAULT AS IDENTITY (
    SEQUENCE NAME public.services_equipmenttype_id_seq
    START WITH 1
    INCREMENT BY 1
    NO MINVALUE
    NO MAXVALUE
    CACHE 1
);


--
-- Name: services_locality; Type: TABLE; Schema: public; Owner: hottabuch
--

CREATE TABLE public.services_locality (
    id bigint NOT NULL,
    name character varying(75) NOT NULL,
    latitude double precision NOT NULL,
    longitude double precision NOT NULL,
    house_active boolean NOT NULL,
    apartment_active boolean NOT NULL
);


ALTER TABLE public.services_locality OWNER TO hottabuch;

--
-- Name: services_locality_id_seq; Type: SEQUENCE; Schema: public; Owner: hottabuch
--

ALTER TABLE public.services_locality ALTER COLUMN id ADD GENERATED BY DEFAULT AS IDENTITY (
    SEQUENCE NAME public.services_locality_id_seq
    START WITH 1
    INCREMENT BY 1
    NO MINVALUE
    NO MAXVALUE
    CACHE 1
);


--
-- Name: services_promotion; Type: TABLE; Schema: public; Owner: hottabuch
--

CREATE TABLE public.services_promotion (
    id bigint NOT NULL,
    name character varying(255) NOT NULL,
    description text NOT NULL,
    discount numeric(6,2) NOT NULL,
    is_active boolean NOT NULL
);


ALTER TABLE public.services_promotion OWNER TO hottabuch;

--
-- Name: services_promotion_id_seq; Type: SEQUENCE; Schema: public; Owner: hottabuch
--

ALTER TABLE public.services_promotion ALTER COLUMN id ADD GENERATED BY DEFAULT AS IDENTITY (
    SEQUENCE NAME public.services_promotion_id_seq
    START WITH 1
    INCREMENT BY 1
    NO MINVALUE
    NO MAXVALUE
    CACHE 1
);


--
-- Name: services_settlement; Type: TABLE; Schema: public; Owner: hottabuch
--

CREATE TABLE public.services_settlement (
    id bigint NOT NULL,
    name character varying(75) NOT NULL,
    latitude double precision NOT NULL,
    longitude double precision NOT NULL
);


ALTER TABLE public.services_settlement OWNER TO hottabuch;

--
-- Name: services_settlement_id_seq; Type: SEQUENCE; Schema: public; Owner: hottabuch
--

ALTER TABLE public.services_settlement ALTER COLUMN id ADD GENERATED BY DEFAULT AS IDENTITY (
    SEQUENCE NAME public.services_settlement_id_seq
    START WITH 1
    INCREMENT BY 1
    NO MINVALUE
    NO MAXVALUE
    CACHE 1
);


--
-- Name: services_urgentconnection; Type: TABLE; Schema: public; Owner: hottabuch
--

CREATE TABLE public.services_urgentconnection (
    id bigint NOT NULL,
    urgent_connection boolean NOT NULL,
    urgent_connection_fee numeric(10,2) NOT NULL
);


ALTER TABLE public.services_urgentconnection OWNER TO hottabuch;

--
-- Name: services_urgentconnection_id_seq; Type: SEQUENCE; Schema: public; Owner: hottabuch
--

ALTER TABLE public.services_urgentconnection ALTER COLUMN id ADD GENERATED BY DEFAULT AS IDENTITY (
    SEQUENCE NAME public.services_urgentconnection_id_seq
    START WITH 1
    INCREMENT BY 1
    NO MINVALUE
    NO MAXVALUE
    CACHE 1
);


--
-- Name: users_user; Type: TABLE; Schema: public; Owner: hottabuch
--

CREATE TABLE public.users_user (
    id bigint NOT NULL,
    password character varying(128) NOT NULL,
    last_login timestamp with time zone,
    is_superuser boolean NOT NULL,
    created timestamp with time zone NOT NULL,
    updated timestamp with time zone NOT NULL,
    deleted timestamp with time zone,
    uid uuid NOT NULL,
    email character varying(255) NOT NULL,
    first_name character varying(30) NOT NULL,
    last_name character varying(30) NOT NULL,
    is_active boolean NOT NULL,
    is_staff boolean NOT NULL,
    date_joined timestamp with time zone NOT NULL,
    phone character varying(128) NOT NULL,
    suname character varying(30) NOT NULL
);


ALTER TABLE public.users_user OWNER TO hottabuch;

--
-- Name: users_user_groups; Type: TABLE; Schema: public; Owner: hottabuch
--

CREATE TABLE public.users_user_groups (
    id bigint NOT NULL,
    user_id bigint NOT NULL,
    group_id integer NOT NULL
);


ALTER TABLE public.users_user_groups OWNER TO hottabuch;

--
-- Name: users_user_groups_id_seq; Type: SEQUENCE; Schema: public; Owner: hottabuch
--

ALTER TABLE public.users_user_groups ALTER COLUMN id ADD GENERATED BY DEFAULT AS IDENTITY (
    SEQUENCE NAME public.users_user_groups_id_seq
    START WITH 1
    INCREMENT BY 1
    NO MINVALUE
    NO MAXVALUE
    CACHE 1
);


--
-- Name: users_user_id_seq; Type: SEQUENCE; Schema: public; Owner: hottabuch
--

ALTER TABLE public.users_user ALTER COLUMN id ADD GENERATED BY DEFAULT AS IDENTITY (
    SEQUENCE NAME public.users_user_id_seq
    START WITH 1
    INCREMENT BY 1
    NO MINVALUE
    NO MAXVALUE
    CACHE 1
);


--
-- Name: users_user_user_permissions; Type: TABLE; Schema: public; Owner: hottabuch
--

CREATE TABLE public.users_user_user_permissions (
    id bigint NOT NULL,
    user_id bigint NOT NULL,
    permission_id integer NOT NULL
);


ALTER TABLE public.users_user_user_permissions OWNER TO hottabuch;

--
-- Name: users_user_user_permissions_id_seq; Type: SEQUENCE; Schema: public; Owner: hottabuch
--

ALTER TABLE public.users_user_user_permissions ALTER COLUMN id ADD GENERATED BY DEFAULT AS IDENTITY (
    SEQUENCE NAME public.users_user_user_permissions_id_seq
    START WITH 1
    INCREMENT BY 1
    NO MINVALUE
    NO MAXVALUE
    CACHE 1
);


--
-- Data for Name: auth_group; Type: TABLE DATA; Schema: public; Owner: hottabuch
--

COPY public.auth_group (id, name) FROM stdin;
\.


--
-- Data for Name: auth_group_permissions; Type: TABLE DATA; Schema: public; Owner: hottabuch
--

COPY public.auth_group_permissions (id, group_id, permission_id) FROM stdin;
\.


--
-- Data for Name: auth_permission; Type: TABLE DATA; Schema: public; Owner: hottabuch
--

COPY public.auth_permission (id, name, content_type_id, codename) FROM stdin;
1	Can add log entry	1	add_logentry
2	Can change log entry	1	change_logentry
3	Can delete log entry	1	delete_logentry
4	Can view log entry	1	view_logentry
5	Can add permission	2	add_permission
6	Can change permission	2	change_permission
7	Can delete permission	2	delete_permission
8	Can view permission	2	view_permission
9	Can add group	3	add_group
10	Can change group	3	change_group
11	Can delete group	3	delete_group
12	Can view group	3	view_group
13	Can add content type	4	add_contenttype
14	Can change content type	4	change_contenttype
15	Can delete content type	4	delete_contenttype
16	Can view content type	4	view_contenttype
17	Can add session	5	add_session
18	Can change session	5	change_session
19	Can delete session	5	delete_session
20	Can view session	5	view_session
21	Can add user	6	add_user
22	Can change user	6	change_user
23	Can delete user	6	delete_user
24	Can view user	6	view_user
25	Can add Аватар	7	add_avatar
26	Can change Аватар	7	change_avatar
27	Can delete Аватар	7	delete_avatar
28	Can view Аватар	7	view_avatar
29	Can add Заказ	8	add_order
30	Can change Заказ	8	change_order
31	Can delete Заказ	8	delete_order
32	Can view Заказ	8	view_order
33	Can add Тип оборудования	9	add_equipmenttype
34	Can change Тип оборудования	9	change_equipmenttype
35	Can delete Тип оборудования	9	delete_equipmenttype
36	Can view Тип оборудования	9	view_equipmenttype
37	Can add Населённый пункт	10	add_locality
38	Can change Населённый пункт	10	change_locality
39	Can delete Населённый пункт	10	delete_locality
40	Can view Населённый пункт	10	view_locality
41	Can add Акция	11	add_promotion
42	Can change Акция	11	change_promotion
43	Can delete Акция	11	delete_promotion
44	Can view Акция	11	view_promotion
45	Can add Стоимость услуги 'Срочное подключение'	12	add_urgentconnection
46	Can change Стоимость услуги 'Срочное подключение'	12	change_urgentconnection
47	Can delete Стоимость услуги 'Срочное подключение'	12	delete_urgentconnection
48	Can view Стоимость услуги 'Срочное подключение'	12	view_urgentconnection
49	Can add Оборудование	13	add_equipment
50	Can change Оборудование	13	change_equipment
51	Can delete Оборудование	13	delete_equipment
52	Can view Оборудование	13	view_equipment
53	Can add Тип подключения	14	add_connectiontypeplace
54	Can change Тип подключения	14	change_connectiontypeplace
55	Can delete Тип подключения	14	delete_connectiontypeplace
56	Can view Тип подключения	14	view_connectiontypeplace
\.


--
-- Data for Name: django_admin_log; Type: TABLE DATA; Schema: public; Owner: hottabuch
--

COPY public.django_admin_log (id, action_time, object_id, object_repr, action_flag, change_message, content_type_id, user_id) FROM stdin;
56	2024-12-31 14:39:44.698849+00	1	Армавир	1	[{"added": {}}]	10	1
57	2024-12-31 14:40:11.110678+00	2	Кропоткин	1	[{"added": {}}]	10	1
58	2024-12-31 14:40:37.079193+00	1	Подключение дома (6600 руб.)	1	[{"added": {}}]	14	1
59	2024-12-31 14:40:55.298699+00	2	Подключение дома (500 руб.)	1	[{"added": {}}]	14	1
60	2024-12-31 14:41:08.971765+00	3	Подключение дома (7500 руб.)	1	[{"added": {}}]	14	1
61	2024-12-31 14:42:10.923669+00	12	Название: Год в подарок + ТВ (4950 руб.)	1	[{"added": {}}]	11	1
62	2024-12-31 14:42:29.575993+00	13	Название: Волокно за полцены (3300 руб.)	1	[{"added": {}}]	11	1
63	2024-12-31 14:42:47.810361+00	14	Название: Вдвоем за полцены (3300 руб.)	1	[{"added": {}}]	11	1
64	2024-12-31 14:43:09.410655+00	15	Название: Радио на волокно (3300 руб.)	1	[{"added": {}}]	11	1
65	2024-12-31 14:43:27.427446+00	16	Название: Стройплощадка (3300 руб.)	1	[{"added": {}}]	11	1
66	2024-12-31 14:43:45.123061+00	17	Название: Соцподдержка + ТВ (3300 руб.)	1	[{"added": {}}]	11	1
67	2024-12-31 14:44:12.632249+00	18	Название: Втроем дешевле (4400 руб.)	1	[{"added": {}}]	11	1
68	2024-12-31 14:44:33.452159+00	19	Название: Волокноль ТВ (6600 руб.)	1	[{"added": {}}]	11	1
69	2024-12-31 14:44:55.912482+00	20	Название: WIFI у дачи (6600 руб.)	1	[{"added": {}}]	11	1
70	2024-12-31 14:46:13.137065+00	15	Название: Без оборудования Тип: None Количество: 0 Стоимость(0 руб.)	1	[{"added": {}}]	13	1
71	2024-12-31 14:46:34.671845+00	16	Название: Роутер Тип: Арендованный Количество: 1 Стоимость(0 руб.)	1	[{"added": {}}]	13	1
72	2024-12-31 14:47:05.172921+00	17	Название: Аренда приставки IPTV Тип: None Количество: 1 Стоимость(0 руб.)	1	[{"added": {}}]	13	1
73	2024-12-31 14:47:26.480763+00	18	Название: Адаптер PowerLine Тип: None Количество: 1 Стоимость(2400 руб.)	1	[{"added": {}}]	13	1
74	2024-12-31 14:47:43.64336+00	19	Название: PON модем Тип: None Количество: 1 Стоимость(0 руб.)	1	[{"added": {}}]	13	1
75	2024-12-31 14:48:12.358922+00	20	Название: Роутер Тип: Бюджетный Количество: 1 Стоимость(1000 руб.)	1	[{"added": {}}]	13	1
76	2024-12-31 14:48:32.619665+00	21	Название: Роутер Тип: Двухдиапазонный Количество: 1 Стоимость(2000 руб.)	1	[{"added": {}}]	13	1
77	2024-12-31 14:48:49.686763+00	22	Название: Роутер Тип: Высокоскоростной Количество: 1 Стоимость(3000 руб.)	1	[{"added": {}}]	13	1
78	2024-12-31 14:49:04.859639+00	23	Название: Роутер Тип: Дальнобойный Количество: 1 Стоимость(5000 руб.)	1	[{"added": {}}]	13	1
79	2024-12-31 14:49:29.177869+00	24	Название: Аренда приставки IPTV Тип: None Количество: 2 Стоимость(150 руб.)	1	[{"added": {}}]	13	1
80	2024-12-31 14:49:53.906348+00	25	Название: Аренда приставки IPTV Тип: None Количество: 3 Стоимость(300 руб.)	1	[{"added": {}}]	13	1
81	2024-12-31 14:50:22.22227+00	26	Название: Адаптер PowerLine Тип: None Количество: 2 Стоимость(2400 руб.)	1	[{"added": {}}]	13	1
82	2024-12-31 14:50:42.455955+00	27	Название: Адаптер PowerLine Тип: None Количество: 3 Стоимость(3600 руб.)	1	[{"added": {}}]	13	1
83	2024-12-31 14:51:02.374781+00	28	Название: Адаптер PowerLine Тип: None Количество: 4 Стоимость(4800 руб.)	1	[{"added": {}}]	13	1
\.


--
-- Data for Name: django_content_type; Type: TABLE DATA; Schema: public; Owner: hottabuch
--

COPY public.django_content_type (id, app_label, model) FROM stdin;
1	admin	logentry
2	auth	permission
3	auth	group
4	contenttypes	contenttype
5	sessions	session
6	users	user
7	orders	avatar
8	orders	order
9	services	equipmenttype
10	services	locality
11	services	promotion
12	services	urgentconnection
13	services	equipment
14	services	connectiontypeplace
\.


--
-- Data for Name: django_migrations; Type: TABLE DATA; Schema: public; Owner: hottabuch
--

COPY public.django_migrations (id, app, name, applied) FROM stdin;
1	contenttypes	0001_initial	2024-12-31 12:22:34.059781+00
2	contenttypes	0002_remove_content_type_name	2024-12-31 12:22:34.083052+00
3	auth	0001_initial	2024-12-31 12:22:34.212554+00
4	auth	0002_alter_permission_name_max_length	2024-12-31 12:22:34.23157+00
5	auth	0003_alter_user_email_max_length	2024-12-31 12:22:34.254416+00
6	auth	0004_alter_user_username_opts	2024-12-31 12:22:34.281618+00
7	auth	0005_alter_user_last_login_null	2024-12-31 12:22:34.306519+00
8	auth	0006_require_contenttypes_0002	2024-12-31 12:22:34.314628+00
9	auth	0007_alter_validators_add_error_messages	2024-12-31 12:22:34.341286+00
10	auth	0008_alter_user_username_max_length	2024-12-31 12:22:34.36442+00
11	auth	0009_alter_user_last_name_max_length	2024-12-31 12:22:34.389407+00
12	auth	0010_alter_group_name_max_length	2024-12-31 12:22:34.416431+00
13	auth	0011_update_proxy_permissions	2024-12-31 12:22:34.441561+00
14	auth	0012_alter_user_first_name_max_length	2024-12-31 12:22:34.473635+00
15	users	0001_initial	2024-12-31 12:22:34.712349+00
16	admin	0001_initial	2024-12-31 12:22:34.805252+00
17	admin	0002_logentry_remove_auto_add	2024-12-31 12:22:34.827501+00
18	admin	0003_logentry_add_action_flag_choices	2024-12-31 12:22:34.857032+00
19	services	0001_initial	2024-12-31 12:22:34.999947+00
20	orders	0001_initial	2024-12-31 12:22:35.17598+00
21	orders	0002_order_total_amount	2024-12-31 12:22:35.227504+00
22	orders	0003_rename_fist_name_order_first_name	2024-12-31 12:22:35.262878+00
23	sessions	0001_initial	2024-12-31 12:22:35.320781+00
24	users	0002_alter_user_is_active	2024-12-31 12:22:35.354174+00
25	users	0003_user_phone	2024-12-31 12:22:35.425021+00
26	users	0004_alter_user_phone	2024-12-31 12:22:35.4617+00
27	users	0005_user_suname_alter_user_email_alter_user_first_name_and_more	2024-12-31 12:22:35.61135+00
28	users	0006_alter_user_phone	2024-12-31 12:22:35.649385+00
29	users	0007_alter_user_phone	2024-12-31 12:22:35.684088+00
\.


--
-- Data for Name: django_session; Type: TABLE DATA; Schema: public; Owner: hottabuch
--

COPY public.django_session (session_key, session_data, expire_date) FROM stdin;
m63wu4fsl6d64d6nqkkif382kuvha6sq	.eJxVjDsOwjAQBe_iGln-xJ-lpM8Zol2vwQFkS3FSIe4OkVJA-2bmvcSE21qmredlmlmchRan340wPXLdAd-x3ppMra7LTHJX5EG7HBvn5-Vw_w4K9vKtByDQgcg6BgTOV-1M8sZpg9FDQHRAwbIaouEICkOymZzPWkVjKUXx_gDYiTd8:1tSbrI:O5q9SX3ISrYWKDqTon6ddbd1asoV6XsKtyu9-yRhTO0	2025-01-14 13:00:28.364186+00
xmprjzb44wchnxtj4tncdzltxjyvx3hs	.eJxVjMsOwiAQRf-FtSE8ilCX7vsNZJgZpGogKe3K-O_apAvd3nPOfYkI21ri1nmJM4mL0OL0uyXAB9cd0B3qrUlsdV3mJHdFHrTLqRE_r4f7d1Cgl2896GxSHo0zVnszWs4JlAo0aIdkrM_MGNgpZdh6jajAKU1nDhRsQsji_QHXgzga:1tRTGc:EtjX4olffUtl0zclHh9kEC5dKHotT1wtfnUttjs9oGU	2025-01-11 09:37:54.38552+00
fogyet11xpdqacwcgvconiqnrzvys8ct	.eJxVjMsOwiAQRf-FtSHlUWBcuvcbyAwwUjU0Ke3K-O_apAvd3nPOfYmI21rj1ssSpyzOQovT70aYHqXtIN-x3WaZ5rYuE8ldkQft8jrn8rwc7t9BxV6_tUnag1c-cMAREAxQAEZgPVg3eGcNsEqakTJkSoWp2MBq1AmdyaTF-wPYpDhO:1tRwoQ:t73bSF16Gf-I2pQS4hODXsQ1f5X2VCFCRan_-srnUpQ	2025-01-12 17:10:46.891982+00
jpj04kbxigd1v92rncmn8tiyn45wvz1e	.eJxVjMsOwiAQRf-FtSHlUWBcuvcbyAwwUjU0Ke3K-O_apAvd3nPOfYmI21rj1ssSpyzOQovT70aYHqXtIN-x3WaZ5rYuE8ldkQft8jrn8rwc7t9BxV6_tUnag1c-cMAREAxQAEZgPVg3eGcNsEqakTJkSoWp2MBq1AmdyaTF-wPYpDhO:1tSKhU:7dcLxmAaIHizYxgFFGDIhU5dx1qnX9_eg2xn68KumnI	2025-01-13 18:41:12.091617+00
\.


--
-- Data for Name: orders_avatar; Type: TABLE DATA; Schema: public; Owner: hottabuch
--

COPY public.orders_avatar (id, is_active, created, updated, deleted, uid, image) FROM stdin;
\.


--
-- Data for Name: orders_order; Type: TABLE DATA; Schema: public; Owner: hottabuch
--

COPY public.orders_order (id, is_active, created, updated, deleted, uid, registration_fee, initial_payment, sms_info_service, reglament, agreement, accept_reglament, accept_agreement, first_name, last_name, street, phone, email, comment, viewed, source, connection_type_id, equipment_id, promotions_id, settlement_id, urgent_connection_id, user_profile_id, total_amount) FROM stdin;
\.


--
-- Data for Name: profiles_avatar; Type: TABLE DATA; Schema: public; Owner: hottabuch
--

COPY public.profiles_avatar (id, is_active, created, updated, deleted, uid, image) FROM stdin;
\.


--
-- Data for Name: profiles_installationmaster; Type: TABLE DATA; Schema: public; Owner: hottabuch
--

COPY public.profiles_installationmaster (id, registration_fee, initial_payment, sms_info_service, use_default_equipment, connection_type_id, settlement_id, urgent_connection_id, user_profile_id) FROM stdin;
1	500.00	2000.00	t	t	1	\N	2	\N
\.


--
-- Data for Name: profiles_installationmaster_equipment; Type: TABLE DATA; Schema: public; Owner: hottabuch
--

COPY public.profiles_installationmaster_equipment (id, installationmaster_id, equipment_id) FROM stdin;
1	1	14
\.


--
-- Data for Name: profiles_installationmaster_promotions; Type: TABLE DATA; Schema: public; Owner: hottabuch
--

COPY public.profiles_installationmaster_promotions (id, installationmaster_id, promotion_id) FROM stdin;
\.


--
-- Data for Name: profiles_installationmasterpromotion; Type: TABLE DATA; Schema: public; Owner: hottabuch
--

COPY public.profiles_installationmasterpromotion (id, created_at, installation_master_id, promotion_id) FROM stdin;
1	2024-12-29 17:51:47.074497+00	1	11
\.


--
-- Data for Name: services_connectiontype; Type: TABLE DATA; Schema: public; Owner: hottabuch
--

COPY public.services_connectiontype (id, name, price) FROM stdin;
1	house	6600.00
2	apartment	500.00
\.


--
-- Data for Name: services_connectiontypeplace; Type: TABLE DATA; Schema: public; Owner: hottabuch
--

COPY public.services_connectiontypeplace (id, name, price, locality_id) FROM stdin;
1	house	6600.00	1
2	house	500.00	1
3	house	7500.00	2
\.


--
-- Data for Name: services_equipment; Type: TABLE DATA; Schema: public; Owner: hottabuch
--

COPY public.services_equipment (id, description, price, type, quantity, is_active, equipment_type_id) FROM stdin;
15	Подключение стандартное, без использования дополнительного оборудования, производится оконцованным витопарным кабелем с 15-ти метровым запасом к сетевой карте компьютера с бесплатной первоначальной настройкой соединения с ИНТЕРНЕТ, с возможностью смотреть IPTV на компьютере	0.00	\N	0	f	1
16	Подключение с использованием мощного беспроводного маршрутизатора, включая его настройку соединения с ИНТЕРНЕТ. Позволяя создать домашнюю локальную сеть для подключения любых современных устройств абонента в том числе и медиаприставок IPTV.	0.00	rental	1	t	2
17	Позволяет просматривать более 200 каналов IPTV в том числе и в HD качестве, осуществлять доступ к медиаконтенту в сети ИНТЕРНЕТ воспроизводить файлы с USB накопителей или через локальную сеть с других устройств. Подключается к маршрутизатору через домашнюю сеть по кабелю. Настройка включена.	0.00	\N	1	t	3
18	Позволяет соединить компоненты локальной сети внутри квартир или домов без прокладки кабелей связи, поверх силовых сетей. Скорость до 300 Мбит/с. Устанавливается без потери розетки электропитания	2400.00	\N	1	f	4
19	Операторское устройство позволяющее преобразовать среду передачи сигнала из оптического в электрический с функциями маршрутизатора	0.00	\N	1	t	5
20	Подключение с использованием мощного беспроводного маршрутизатора, включая его настройку соединения с ИНТЕРНЕТ. Позволяя создать домашнюю локальную сеть для подключения любых современных устройств абонента в том числе и медиаприставок IPTV.	1000.00	budget	1	f	2
21	Подключение с использованием мощного беспроводного маршрутизатора, включая его настройку соединения с ИНТЕРНЕТ. Позволяя создать домашнюю локальную сеть для подключения любых современных устройств абонента в том числе и медиаприставок IPTV.	2000.00	two_range	1	f	2
22	Подключение с использованием мощного беспроводного маршрутизатора, включая его настройку соединения с ИНТЕРНЕТ. Позволяя создать домашнюю локальную сеть для подключения любых современных устройств абонента в том числе и медиаприставок IPTV.	3000.00	high_speed	1	f	2
23	Подключение с использованием мощного беспроводного маршрутизатора, включая его настройку соединения с ИНТЕРНЕТ. Позволяя создать домашнюю локальную сеть для подключения любых современных устройств абонента в том числе и медиаприставок IPTV.	5000.00	far_range	1	f	2
24	Позволяет просматривать более 200 каналов IPTV в том числе и в HD качестве, осуществлять доступ к медиаконтенту в сети ИНТЕРНЕТ воспроизводить файлы с USB накопителей или через локальную сеть с других устройств. Подключается к маршрутизатору через домашнюю сеть по кабелю. Настройка включена.	150.00	\N	2	f	3
25	Позволяет просматривать более 200 каналов IPTV в том числе и в HD качестве, осуществлять доступ к медиаконтенту в сети ИНТЕРНЕТ воспроизводить файлы с USB накопителей или через локальную сеть с других устройств. Подключается к маршрутизатору через домашнюю сеть по кабелю. Настройка включена.	300.00	\N	3	f	3
26	Позволяет соединить компоненты локальной сети внутри квартир или домов без прокладки кабелей связи, поверх силовых сетей. Скорость до 300 Мбит/с. Устанавливается без потери розетки электропитания	2400.00	\N	2	f	4
27	Позволяет соединить компоненты локальной сети внутри квартир или домов без прокладки кабелей связи, поверх силовых сетей. Скорость до 300 Мбит/с. Устанавливается без потери розетки электропитания	3600.00	\N	3	f	4
28	Позволяет соединить компоненты локальной сети внутри квартир или домов без прокладки кабелей связи, поверх силовых сетей. Скорость до 300 Мбит/с. Устанавливается без потери розетки электропитания	4800.00	\N	4	f	4
\.


--
-- Data for Name: services_equipmenttype; Type: TABLE DATA; Schema: public; Owner: hottabuch
--

COPY public.services_equipmenttype (id, name) FROM stdin;
1	Без оборудования
2	Роутер
3	Аренда приставки IPTV
4	Адаптер PowerLine
5	PON модем
\.


--
-- Data for Name: services_locality; Type: TABLE DATA; Schema: public; Owner: hottabuch
--

COPY public.services_locality (id, name, latitude, longitude, house_active, apartment_active) FROM stdin;
1	Армавир	55.7558	37.6176	t	t
2	Кропоткин	53.7558	35.6176	t	f
\.


--
-- Data for Name: services_promotion; Type: TABLE DATA; Schema: public; Owner: hottabuch
--

COPY public.services_promotion (id, name, description, discount, is_active) FROM stdin;
11	drugo	Суть акции заключается в том, что действующий абонент сети «ПРОКСИМА» находит в любом населенном пункте в зоне присутствия сети «ПРОКСИМА» одного желающего подключиться к сети «ПРОКСИМА» за полцены и оформляет заявку через сайт от лица подключаемого абонента и с его согласия с указанием всех необходимых данных.	2200.00	t
12	year_tv	Суть акции заключается в том, что действующему абоненту другого оператора при переключении к сети «ПРОКСИМА» предоставляется бесплатный тариф «ГОД В ПОДАРОК+ТВ» со скоростью до 100 Мбит/с без ограничения по объему на целый год при аренде ТВ приставки, включающей около 200 каналов	4950.00	t
13	volokno	Суть акции заключается в том, что новый абонент, планирующий подключение к сети «ПРОКСИМА», оставляет заявку, получает подтверждение, дающее право на получение скидки до 50% на подключение.	3300.00	t
14	dvoem	Суть акции заключается в том, что новый абонент, находит в своем населенном пункте еще одного желающего подключиться к сети «ПРОКСИМА» и каждый оставляет заявку через сайт с указанием названия акции, ФИО и адрес другого желающего, каждый получает подтверждение о наличии технической возможности и вдвоём или одно доверенное лицо приходит в офис для заключения договора и оплаты подключения с указанной скидкой.	3300.00	t
15	radio	Суть акции «Радио на волокно» в том, чтобы предоставить абонентам, которые в настоящий момент подключены по радиоканалу, со скидкой перейти на подключение по оптике, повысив таким образом скорость интернета и исключив влияние погодных условий на скорость и стабильность подключения.	3300.00	t
16	stroy	Суть акции заключается в том, что клиент, решающий подключить скоростной интернет по оптике в будущий дом, может заранее подключив стройплощадку, заплатив 2/3 от цены подключения и получить услугу видео-наблюдения, а после завершения строительства доплатить 1/3 стоимости и подключить домашний интернет.	3300.00	t
17	socpod_tv	Суть акции заключается в том, что для выше указанных лиц, имеющих действующие льготы и планирующих подключение или уже подключенных к сети «ПРОКСИМА», предоставляется скидка от стоимости подключения к сети интернет и/или льготный тариф на соответствующей скорости без ограничения по объему и времени.	3300.00	t
18	vtroem	Суть акции заключается в том, что новый абонент, планирующий подключение к сети «ПРОКСИМА», находит в своем населенном пункте еще двоих желающих подключиться к сети «ПРОКСИМА» вне зависимости от способа подключения и каждый оставляет заявку через сайт с указанием названия акции, ФИО и адреса двух других желающих, каждый получает подтверждение о наличии технической возможности и все вместе или одно доверенное лицо приходит в офис для заключения договора и оплаты подключения с указанной скидкой.	4400.00	t
19	volokno_tv	Суть акции заключается в том, что новый абонент или абонент другого оператора, планирующий подключение к сети «ПРОКСИМА», оставляет заявку на сайте и ожидает подтверждение, дающее право на бесплатное подключение.	6600.00	t
20	wifi	Суть акции заключается в том, что новый абонент, планирующий подключение к сети «ПРОКСИМА», оставив заявку на подключение через сайт или написав соответствующее заявление на подключение по данной акции в абонентских отделах компании, приобретает годовой абонемент бесплатно подключается к сети и получает WIFI маршрутизатор на год в подарок.	6600.00	t
\.


--
-- Data for Name: services_settlement; Type: TABLE DATA; Schema: public; Owner: hottabuch
--

COPY public.services_settlement (id, name, latitude, longitude) FROM stdin;
2	Армавир	55.7558	37.6176
\.


--
-- Data for Name: services_urgentconnection; Type: TABLE DATA; Schema: public; Owner: hottabuch
--

COPY public.services_urgentconnection (id, urgent_connection, urgent_connection_fee) FROM stdin;
2	f	2000.00
\.


--
-- Data for Name: users_user; Type: TABLE DATA; Schema: public; Owner: hottabuch
--

COPY public.users_user (id, password, last_login, is_superuser, created, updated, deleted, uid, email, first_name, last_name, is_active, is_staff, date_joined, phone, suname) FROM stdin;
1	pbkdf2_sha256$600000$UVXDqg536M9x5btDR44jqR$18WFVA/sIJmIHSSAAWq2VxICMj6DWQAfIsl3LWhY9M4=	2024-12-31 13:00:28.358036+00	t	2024-12-31 13:00:16.157063+00	2024-12-31 13:00:16.157096+00	\N	0d33ae61-788d-4877-8acd-8945fb861fbe	admin@mail.ru			t	t	2024-12-31 13:00:15.173791+00		
\.


--
-- Data for Name: users_user_groups; Type: TABLE DATA; Schema: public; Owner: hottabuch
--

COPY public.users_user_groups (id, user_id, group_id) FROM stdin;
\.


--
-- Data for Name: users_user_user_permissions; Type: TABLE DATA; Schema: public; Owner: hottabuch
--

COPY public.users_user_user_permissions (id, user_id, permission_id) FROM stdin;
\.


--
-- Name: auth_group_id_seq; Type: SEQUENCE SET; Schema: public; Owner: hottabuch
--

SELECT pg_catalog.setval('public.auth_group_id_seq', 1, false);


--
-- Name: auth_group_permissions_id_seq; Type: SEQUENCE SET; Schema: public; Owner: hottabuch
--

SELECT pg_catalog.setval('public.auth_group_permissions_id_seq', 1, false);


--
-- Name: auth_permission_id_seq; Type: SEQUENCE SET; Schema: public; Owner: hottabuch
--

SELECT pg_catalog.setval('public.auth_permission_id_seq', 60, true);


--
-- Name: django_admin_log_id_seq; Type: SEQUENCE SET; Schema: public; Owner: hottabuch
--

SELECT pg_catalog.setval('public.django_admin_log_id_seq', 83, true);


--
-- Name: django_content_type_id_seq; Type: SEQUENCE SET; Schema: public; Owner: hottabuch
--

SELECT pg_catalog.setval('public.django_content_type_id_seq', 17, true);


--
-- Name: django_migrations_id_seq; Type: SEQUENCE SET; Schema: public; Owner: hottabuch
--

SELECT pg_catalog.setval('public.django_migrations_id_seq', 29, true);


--
-- Name: orders_avatar_id_seq; Type: SEQUENCE SET; Schema: public; Owner: hottabuch
--

SELECT pg_catalog.setval('public.orders_avatar_id_seq', 1, false);


--
-- Name: orders_order_id_seq; Type: SEQUENCE SET; Schema: public; Owner: hottabuch
--

SELECT pg_catalog.setval('public.orders_order_id_seq', 2, true);


--
-- Name: profiles_avatar_id_seq; Type: SEQUENCE SET; Schema: public; Owner: hottabuch
--

SELECT pg_catalog.setval('public.profiles_avatar_id_seq', 1, false);


--
-- Name: profiles_installationmaster_equipment_id_seq; Type: SEQUENCE SET; Schema: public; Owner: hottabuch
--

SELECT pg_catalog.setval('public.profiles_installationmaster_equipment_id_seq', 1, true);


--
-- Name: profiles_installationmaster_id_seq; Type: SEQUENCE SET; Schema: public; Owner: hottabuch
--

SELECT pg_catalog.setval('public.profiles_installationmaster_id_seq', 2, true);


--
-- Name: profiles_installationmaster_promotions_id_seq; Type: SEQUENCE SET; Schema: public; Owner: hottabuch
--

SELECT pg_catalog.setval('public.profiles_installationmaster_promotions_id_seq', 1, false);


--
-- Name: profiles_installationmasterpromotion_id_seq; Type: SEQUENCE SET; Schema: public; Owner: hottabuch
--

SELECT pg_catalog.setval('public.profiles_installationmasterpromotion_id_seq', 1, true);


--
-- Name: services_connectiontype_id_seq; Type: SEQUENCE SET; Schema: public; Owner: hottabuch
--

SELECT pg_catalog.setval('public.services_connectiontype_id_seq', 2, true);


--
-- Name: services_connectiontypeplace_id_seq; Type: SEQUENCE SET; Schema: public; Owner: hottabuch
--

SELECT pg_catalog.setval('public.services_connectiontypeplace_id_seq', 3, true);


--
-- Name: services_equipment_id_seq; Type: SEQUENCE SET; Schema: public; Owner: hottabuch
--

SELECT pg_catalog.setval('public.services_equipment_id_seq', 28, true);


--
-- Name: services_equipmenttype_id_seq; Type: SEQUENCE SET; Schema: public; Owner: hottabuch
--

SELECT pg_catalog.setval('public.services_equipmenttype_id_seq', 5, true);


--
-- Name: services_locality_id_seq; Type: SEQUENCE SET; Schema: public; Owner: hottabuch
--

SELECT pg_catalog.setval('public.services_locality_id_seq', 2, true);


--
-- Name: services_promotion_id_seq; Type: SEQUENCE SET; Schema: public; Owner: hottabuch
--

SELECT pg_catalog.setval('public.services_promotion_id_seq', 20, true);


--
-- Name: services_settlement_id_seq; Type: SEQUENCE SET; Schema: public; Owner: hottabuch
--

SELECT pg_catalog.setval('public.services_settlement_id_seq', 3, true);


--
-- Name: services_urgentconnection_id_seq; Type: SEQUENCE SET; Schema: public; Owner: hottabuch
--

SELECT pg_catalog.setval('public.services_urgentconnection_id_seq', 2, true);


--
-- Name: users_user_groups_id_seq; Type: SEQUENCE SET; Schema: public; Owner: hottabuch
--

SELECT pg_catalog.setval('public.users_user_groups_id_seq', 1, false);


--
-- Name: users_user_id_seq; Type: SEQUENCE SET; Schema: public; Owner: hottabuch
--

SELECT pg_catalog.setval('public.users_user_id_seq', 3, true);


--
-- Name: users_user_user_permissions_id_seq; Type: SEQUENCE SET; Schema: public; Owner: hottabuch
--

SELECT pg_catalog.setval('public.users_user_user_permissions_id_seq', 1, false);


--
-- Name: auth_group auth_group_name_key; Type: CONSTRAINT; Schema: public; Owner: hottabuch
--

ALTER TABLE ONLY public.auth_group
    ADD CONSTRAINT auth_group_name_key UNIQUE (name);


--
-- Name: auth_group_permissions auth_group_permissions_group_id_permission_id_0cd325b0_uniq; Type: CONSTRAINT; Schema: public; Owner: hottabuch
--

ALTER TABLE ONLY public.auth_group_permissions
    ADD CONSTRAINT auth_group_permissions_group_id_permission_id_0cd325b0_uniq UNIQUE (group_id, permission_id);


--
-- Name: auth_group_permissions auth_group_permissions_pkey; Type: CONSTRAINT; Schema: public; Owner: hottabuch
--

ALTER TABLE ONLY public.auth_group_permissions
    ADD CONSTRAINT auth_group_permissions_pkey PRIMARY KEY (id);


--
-- Name: auth_group auth_group_pkey; Type: CONSTRAINT; Schema: public; Owner: hottabuch
--

ALTER TABLE ONLY public.auth_group
    ADD CONSTRAINT auth_group_pkey PRIMARY KEY (id);


--
-- Name: auth_permission auth_permission_content_type_id_codename_01ab375a_uniq; Type: CONSTRAINT; Schema: public; Owner: hottabuch
--

ALTER TABLE ONLY public.auth_permission
    ADD CONSTRAINT auth_permission_content_type_id_codename_01ab375a_uniq UNIQUE (content_type_id, codename);


--
-- Name: auth_permission auth_permission_pkey; Type: CONSTRAINT; Schema: public; Owner: hottabuch
--

ALTER TABLE ONLY public.auth_permission
    ADD CONSTRAINT auth_permission_pkey PRIMARY KEY (id);


--
-- Name: django_admin_log django_admin_log_pkey; Type: CONSTRAINT; Schema: public; Owner: hottabuch
--

ALTER TABLE ONLY public.django_admin_log
    ADD CONSTRAINT django_admin_log_pkey PRIMARY KEY (id);


--
-- Name: django_content_type django_content_type_app_label_model_76bd3d3b_uniq; Type: CONSTRAINT; Schema: public; Owner: hottabuch
--

ALTER TABLE ONLY public.django_content_type
    ADD CONSTRAINT django_content_type_app_label_model_76bd3d3b_uniq UNIQUE (app_label, model);


--
-- Name: django_content_type django_content_type_pkey; Type: CONSTRAINT; Schema: public; Owner: hottabuch
--

ALTER TABLE ONLY public.django_content_type
    ADD CONSTRAINT django_content_type_pkey PRIMARY KEY (id);


--
-- Name: django_migrations django_migrations_pkey; Type: CONSTRAINT; Schema: public; Owner: hottabuch
--

ALTER TABLE ONLY public.django_migrations
    ADD CONSTRAINT django_migrations_pkey PRIMARY KEY (id);


--
-- Name: django_session django_session_pkey; Type: CONSTRAINT; Schema: public; Owner: hottabuch
--

ALTER TABLE ONLY public.django_session
    ADD CONSTRAINT django_session_pkey PRIMARY KEY (session_key);


--
-- Name: orders_avatar orders_avatar_pkey; Type: CONSTRAINT; Schema: public; Owner: hottabuch
--

ALTER TABLE ONLY public.orders_avatar
    ADD CONSTRAINT orders_avatar_pkey PRIMARY KEY (id);


--
-- Name: orders_order orders_order_email_key; Type: CONSTRAINT; Schema: public; Owner: hottabuch
--

ALTER TABLE ONLY public.orders_order
    ADD CONSTRAINT orders_order_email_key UNIQUE (email);


--
-- Name: orders_order orders_order_phone_key; Type: CONSTRAINT; Schema: public; Owner: hottabuch
--

ALTER TABLE ONLY public.orders_order
    ADD CONSTRAINT orders_order_phone_key UNIQUE (phone);


--
-- Name: orders_order orders_order_pkey; Type: CONSTRAINT; Schema: public; Owner: hottabuch
--

ALTER TABLE ONLY public.orders_order
    ADD CONSTRAINT orders_order_pkey PRIMARY KEY (id);


--
-- Name: orders_order orders_order_user_profile_id_key; Type: CONSTRAINT; Schema: public; Owner: hottabuch
--

ALTER TABLE ONLY public.orders_order
    ADD CONSTRAINT orders_order_user_profile_id_key UNIQUE (user_profile_id);


--
-- Name: profiles_avatar profiles_avatar_pkey; Type: CONSTRAINT; Schema: public; Owner: hottabuch
--

ALTER TABLE ONLY public.profiles_avatar
    ADD CONSTRAINT profiles_avatar_pkey PRIMARY KEY (id);


--
-- Name: profiles_installationmasterpromotion profiles_installationmas_installation_master_id_p_fb507753_uniq; Type: CONSTRAINT; Schema: public; Owner: hottabuch
--

ALTER TABLE ONLY public.profiles_installationmasterpromotion
    ADD CONSTRAINT profiles_installationmas_installation_master_id_p_fb507753_uniq UNIQUE (installation_master_id, promotion_id);


--
-- Name: profiles_installationmaster_equipment profiles_installationmas_installationmaster_id_eq_0ec05d06_uniq; Type: CONSTRAINT; Schema: public; Owner: hottabuch
--

ALTER TABLE ONLY public.profiles_installationmaster_equipment
    ADD CONSTRAINT profiles_installationmas_installationmaster_id_eq_0ec05d06_uniq UNIQUE (installationmaster_id, equipment_id);


--
-- Name: profiles_installationmaster_promotions profiles_installationmas_installationmaster_id_pr_556e6820_uniq; Type: CONSTRAINT; Schema: public; Owner: hottabuch
--

ALTER TABLE ONLY public.profiles_installationmaster_promotions
    ADD CONSTRAINT profiles_installationmas_installationmaster_id_pr_556e6820_uniq UNIQUE (installationmaster_id, promotion_id);


--
-- Name: profiles_installationmaster_equipment profiles_installationmaster_equipment_pkey; Type: CONSTRAINT; Schema: public; Owner: hottabuch
--

ALTER TABLE ONLY public.profiles_installationmaster_equipment
    ADD CONSTRAINT profiles_installationmaster_equipment_pkey PRIMARY KEY (id);


--
-- Name: profiles_installationmaster profiles_installationmaster_pkey; Type: CONSTRAINT; Schema: public; Owner: hottabuch
--

ALTER TABLE ONLY public.profiles_installationmaster
    ADD CONSTRAINT profiles_installationmaster_pkey PRIMARY KEY (id);


--
-- Name: profiles_installationmaster_promotions profiles_installationmaster_promotions_pkey; Type: CONSTRAINT; Schema: public; Owner: hottabuch
--

ALTER TABLE ONLY public.profiles_installationmaster_promotions
    ADD CONSTRAINT profiles_installationmaster_promotions_pkey PRIMARY KEY (id);


--
-- Name: profiles_installationmaster profiles_installationmaster_user_profile_id_key; Type: CONSTRAINT; Schema: public; Owner: hottabuch
--

ALTER TABLE ONLY public.profiles_installationmaster
    ADD CONSTRAINT profiles_installationmaster_user_profile_id_key UNIQUE (user_profile_id);


--
-- Name: profiles_installationmasterpromotion profiles_installationmasterpromotion_pkey; Type: CONSTRAINT; Schema: public; Owner: hottabuch
--

ALTER TABLE ONLY public.profiles_installationmasterpromotion
    ADD CONSTRAINT profiles_installationmasterpromotion_pkey PRIMARY KEY (id);


--
-- Name: services_connectiontype services_connectiontype_pkey; Type: CONSTRAINT; Schema: public; Owner: hottabuch
--

ALTER TABLE ONLY public.services_connectiontype
    ADD CONSTRAINT services_connectiontype_pkey PRIMARY KEY (id);


--
-- Name: services_connectiontypeplace services_connectiontypeplace_pkey; Type: CONSTRAINT; Schema: public; Owner: hottabuch
--

ALTER TABLE ONLY public.services_connectiontypeplace
    ADD CONSTRAINT services_connectiontypeplace_pkey PRIMARY KEY (id);


--
-- Name: services_equipment services_equipment_pkey; Type: CONSTRAINT; Schema: public; Owner: hottabuch
--

ALTER TABLE ONLY public.services_equipment
    ADD CONSTRAINT services_equipment_pkey PRIMARY KEY (id);


--
-- Name: services_equipmenttype services_equipmenttype_pkey; Type: CONSTRAINT; Schema: public; Owner: hottabuch
--

ALTER TABLE ONLY public.services_equipmenttype
    ADD CONSTRAINT services_equipmenttype_pkey PRIMARY KEY (id);


--
-- Name: services_locality services_locality_name_key; Type: CONSTRAINT; Schema: public; Owner: hottabuch
--

ALTER TABLE ONLY public.services_locality
    ADD CONSTRAINT services_locality_name_key UNIQUE (name);


--
-- Name: services_locality services_locality_pkey; Type: CONSTRAINT; Schema: public; Owner: hottabuch
--

ALTER TABLE ONLY public.services_locality
    ADD CONSTRAINT services_locality_pkey PRIMARY KEY (id);


--
-- Name: services_promotion services_promotion_pkey; Type: CONSTRAINT; Schema: public; Owner: hottabuch
--

ALTER TABLE ONLY public.services_promotion
    ADD CONSTRAINT services_promotion_pkey PRIMARY KEY (id);


--
-- Name: services_settlement services_settlement_name_key; Type: CONSTRAINT; Schema: public; Owner: hottabuch
--

ALTER TABLE ONLY public.services_settlement
    ADD CONSTRAINT services_settlement_name_key UNIQUE (name);


--
-- Name: services_settlement services_settlement_pkey; Type: CONSTRAINT; Schema: public; Owner: hottabuch
--

ALTER TABLE ONLY public.services_settlement
    ADD CONSTRAINT services_settlement_pkey PRIMARY KEY (id);


--
-- Name: services_urgentconnection services_urgentconnection_pkey; Type: CONSTRAINT; Schema: public; Owner: hottabuch
--

ALTER TABLE ONLY public.services_urgentconnection
    ADD CONSTRAINT services_urgentconnection_pkey PRIMARY KEY (id);


--
-- Name: users_user users_user_email_key; Type: CONSTRAINT; Schema: public; Owner: hottabuch
--

ALTER TABLE ONLY public.users_user
    ADD CONSTRAINT users_user_email_key UNIQUE (email);


--
-- Name: users_user_groups users_user_groups_pkey; Type: CONSTRAINT; Schema: public; Owner: hottabuch
--

ALTER TABLE ONLY public.users_user_groups
    ADD CONSTRAINT users_user_groups_pkey PRIMARY KEY (id);


--
-- Name: users_user_groups users_user_groups_user_id_group_id_b88eab82_uniq; Type: CONSTRAINT; Schema: public; Owner: hottabuch
--

ALTER TABLE ONLY public.users_user_groups
    ADD CONSTRAINT users_user_groups_user_id_group_id_b88eab82_uniq UNIQUE (user_id, group_id);


--
-- Name: users_user users_user_phone_key; Type: CONSTRAINT; Schema: public; Owner: hottabuch
--

ALTER TABLE ONLY public.users_user
    ADD CONSTRAINT users_user_phone_key UNIQUE (phone);


--
-- Name: users_user users_user_pkey; Type: CONSTRAINT; Schema: public; Owner: hottabuch
--

ALTER TABLE ONLY public.users_user
    ADD CONSTRAINT users_user_pkey PRIMARY KEY (id);


--
-- Name: users_user_user_permissions users_user_user_permissions_pkey; Type: CONSTRAINT; Schema: public; Owner: hottabuch
--

ALTER TABLE ONLY public.users_user_user_permissions
    ADD CONSTRAINT users_user_user_permissions_pkey PRIMARY KEY (id);


--
-- Name: users_user_user_permissions users_user_user_permissions_user_id_permission_id_43338c45_uniq; Type: CONSTRAINT; Schema: public; Owner: hottabuch
--

ALTER TABLE ONLY public.users_user_user_permissions
    ADD CONSTRAINT users_user_user_permissions_user_id_permission_id_43338c45_uniq UNIQUE (user_id, permission_id);


--
-- Name: auth_group_name_a6ea08ec_like; Type: INDEX; Schema: public; Owner: hottabuch
--

CREATE INDEX auth_group_name_a6ea08ec_like ON public.auth_group USING btree (name varchar_pattern_ops);


--
-- Name: auth_group_permissions_group_id_b120cbf9; Type: INDEX; Schema: public; Owner: hottabuch
--

CREATE INDEX auth_group_permissions_group_id_b120cbf9 ON public.auth_group_permissions USING btree (group_id);


--
-- Name: auth_group_permissions_permission_id_84c5c92e; Type: INDEX; Schema: public; Owner: hottabuch
--

CREATE INDEX auth_group_permissions_permission_id_84c5c92e ON public.auth_group_permissions USING btree (permission_id);


--
-- Name: auth_permission_content_type_id_2f476e4b; Type: INDEX; Schema: public; Owner: hottabuch
--

CREATE INDEX auth_permission_content_type_id_2f476e4b ON public.auth_permission USING btree (content_type_id);


--
-- Name: django_admin_log_content_type_id_c4bce8eb; Type: INDEX; Schema: public; Owner: hottabuch
--

CREATE INDEX django_admin_log_content_type_id_c4bce8eb ON public.django_admin_log USING btree (content_type_id);


--
-- Name: django_admin_log_user_id_c564eba6; Type: INDEX; Schema: public; Owner: hottabuch
--

CREATE INDEX django_admin_log_user_id_c564eba6 ON public.django_admin_log USING btree (user_id);


--
-- Name: django_session_expire_date_a5c62663; Type: INDEX; Schema: public; Owner: hottabuch
--

CREATE INDEX django_session_expire_date_a5c62663 ON public.django_session USING btree (expire_date);


--
-- Name: django_session_session_key_c0390e0f_like; Type: INDEX; Schema: public; Owner: hottabuch
--

CREATE INDEX django_session_session_key_c0390e0f_like ON public.django_session USING btree (session_key varchar_pattern_ops);


--
-- Name: orders_avatar_is_active_9cccfd38; Type: INDEX; Schema: public; Owner: hottabuch
--

CREATE INDEX orders_avatar_is_active_9cccfd38 ON public.orders_avatar USING btree (is_active);


--
-- Name: orders_order_connection_type_id_26741860; Type: INDEX; Schema: public; Owner: hottabuch
--

CREATE INDEX orders_order_connection_type_id_26741860 ON public.orders_order USING btree (connection_type_id);


--
-- Name: orders_order_email_79665695_like; Type: INDEX; Schema: public; Owner: hottabuch
--

CREATE INDEX orders_order_email_79665695_like ON public.orders_order USING btree (email varchar_pattern_ops);


--
-- Name: orders_order_equipment_id_5fc9baab; Type: INDEX; Schema: public; Owner: hottabuch
--

CREATE INDEX orders_order_equipment_id_5fc9baab ON public.orders_order USING btree (equipment_id);


--
-- Name: orders_order_is_active_14a26bcc; Type: INDEX; Schema: public; Owner: hottabuch
--

CREATE INDEX orders_order_is_active_14a26bcc ON public.orders_order USING btree (is_active);


--
-- Name: orders_order_phone_ca460b0b_like; Type: INDEX; Schema: public; Owner: hottabuch
--

CREATE INDEX orders_order_phone_ca460b0b_like ON public.orders_order USING btree (phone varchar_pattern_ops);


--
-- Name: orders_order_promotions_id_a3d089a6; Type: INDEX; Schema: public; Owner: hottabuch
--

CREATE INDEX orders_order_promotions_id_a3d089a6 ON public.orders_order USING btree (promotions_id);


--
-- Name: orders_order_settlement_id_ef2d789d; Type: INDEX; Schema: public; Owner: hottabuch
--

CREATE INDEX orders_order_settlement_id_ef2d789d ON public.orders_order USING btree (settlement_id);


--
-- Name: orders_order_urgent_connection_id_df9427c0; Type: INDEX; Schema: public; Owner: hottabuch
--

CREATE INDEX orders_order_urgent_connection_id_df9427c0 ON public.orders_order USING btree (urgent_connection_id);


--
-- Name: profiles_avatar_is_active_62acc850; Type: INDEX; Schema: public; Owner: hottabuch
--

CREATE INDEX profiles_avatar_is_active_62acc850 ON public.profiles_avatar USING btree (is_active);


--
-- Name: profiles_installationmaste_installation_master_id_7cd775d9; Type: INDEX; Schema: public; Owner: hottabuch
--

CREATE INDEX profiles_installationmaste_installation_master_id_7cd775d9 ON public.profiles_installationmasterpromotion USING btree (installation_master_id);


--
-- Name: profiles_installationmaste_installationmaster_id_4e932f15; Type: INDEX; Schema: public; Owner: hottabuch
--

CREATE INDEX profiles_installationmaste_installationmaster_id_4e932f15 ON public.profiles_installationmaster_promotions USING btree (installationmaster_id);


--
-- Name: profiles_installationmaste_installationmaster_id_ec1a3dfe; Type: INDEX; Schema: public; Owner: hottabuch
--

CREATE INDEX profiles_installationmaste_installationmaster_id_ec1a3dfe ON public.profiles_installationmaster_equipment USING btree (installationmaster_id);


--
-- Name: profiles_installationmaster_connection_type_id_3365f36f; Type: INDEX; Schema: public; Owner: hottabuch
--

CREATE INDEX profiles_installationmaster_connection_type_id_3365f36f ON public.profiles_installationmaster USING btree (connection_type_id);


--
-- Name: profiles_installationmaster_equipment_equipment_id_27fb04a9; Type: INDEX; Schema: public; Owner: hottabuch
--

CREATE INDEX profiles_installationmaster_equipment_equipment_id_27fb04a9 ON public.profiles_installationmaster_equipment USING btree (equipment_id);


--
-- Name: profiles_installationmaster_promotions_promotion_id_28e9c26b; Type: INDEX; Schema: public; Owner: hottabuch
--

CREATE INDEX profiles_installationmaster_promotions_promotion_id_28e9c26b ON public.profiles_installationmaster_promotions USING btree (promotion_id);


--
-- Name: profiles_installationmaster_settlement_id_47c0ca77; Type: INDEX; Schema: public; Owner: hottabuch
--

CREATE INDEX profiles_installationmaster_settlement_id_47c0ca77 ON public.profiles_installationmaster USING btree (settlement_id);


--
-- Name: profiles_installationmaster_urgent_connection_id_0d20bbae; Type: INDEX; Schema: public; Owner: hottabuch
--

CREATE INDEX profiles_installationmaster_urgent_connection_id_0d20bbae ON public.profiles_installationmaster USING btree (urgent_connection_id);


--
-- Name: profiles_installationmasterpromotion_promotion_id_d20d584b; Type: INDEX; Schema: public; Owner: hottabuch
--

CREATE INDEX profiles_installationmasterpromotion_promotion_id_d20d584b ON public.profiles_installationmasterpromotion USING btree (promotion_id);


--
-- Name: services_connectiontypeplace_locality_id_9d6f5fc1; Type: INDEX; Schema: public; Owner: hottabuch
--

CREATE INDEX services_connectiontypeplace_locality_id_9d6f5fc1 ON public.services_connectiontypeplace USING btree (locality_id);


--
-- Name: services_equipment_equipment_type_id_d23db236; Type: INDEX; Schema: public; Owner: hottabuch
--

CREATE INDEX services_equipment_equipment_type_id_d23db236 ON public.services_equipment USING btree (equipment_type_id);


--
-- Name: services_locality_name_e4e583bc_like; Type: INDEX; Schema: public; Owner: hottabuch
--

CREATE INDEX services_locality_name_e4e583bc_like ON public.services_locality USING btree (name varchar_pattern_ops);


--
-- Name: services_settlement_name_48f9aa39_like; Type: INDEX; Schema: public; Owner: hottabuch
--

CREATE INDEX services_settlement_name_48f9aa39_like ON public.services_settlement USING btree (name varchar_pattern_ops);


--
-- Name: users_user_email_243f6e77_like; Type: INDEX; Schema: public; Owner: hottabuch
--

CREATE INDEX users_user_email_243f6e77_like ON public.users_user USING btree (email varchar_pattern_ops);


--
-- Name: users_user_groups_group_id_9afc8d0e; Type: INDEX; Schema: public; Owner: hottabuch
--

CREATE INDEX users_user_groups_group_id_9afc8d0e ON public.users_user_groups USING btree (group_id);


--
-- Name: users_user_groups_user_id_5f6f5a90; Type: INDEX; Schema: public; Owner: hottabuch
--

CREATE INDEX users_user_groups_user_id_5f6f5a90 ON public.users_user_groups USING btree (user_id);


--
-- Name: users_user_phone_fe37f55c_like; Type: INDEX; Schema: public; Owner: hottabuch
--

CREATE INDEX users_user_phone_fe37f55c_like ON public.users_user USING btree (phone varchar_pattern_ops);


--
-- Name: users_user_user_permissions_permission_id_0b93982e; Type: INDEX; Schema: public; Owner: hottabuch
--

CREATE INDEX users_user_user_permissions_permission_id_0b93982e ON public.users_user_user_permissions USING btree (permission_id);


--
-- Name: users_user_user_permissions_user_id_20aca447; Type: INDEX; Schema: public; Owner: hottabuch
--

CREATE INDEX users_user_user_permissions_user_id_20aca447 ON public.users_user_user_permissions USING btree (user_id);


--
-- Name: auth_group_permissions auth_group_permissio_permission_id_84c5c92e_fk_auth_perm; Type: FK CONSTRAINT; Schema: public; Owner: hottabuch
--

ALTER TABLE ONLY public.auth_group_permissions
    ADD CONSTRAINT auth_group_permissio_permission_id_84c5c92e_fk_auth_perm FOREIGN KEY (permission_id) REFERENCES public.auth_permission(id) DEFERRABLE INITIALLY DEFERRED;


--
-- Name: auth_group_permissions auth_group_permissions_group_id_b120cbf9_fk_auth_group_id; Type: FK CONSTRAINT; Schema: public; Owner: hottabuch
--

ALTER TABLE ONLY public.auth_group_permissions
    ADD CONSTRAINT auth_group_permissions_group_id_b120cbf9_fk_auth_group_id FOREIGN KEY (group_id) REFERENCES public.auth_group(id) DEFERRABLE INITIALLY DEFERRED;


--
-- Name: auth_permission auth_permission_content_type_id_2f476e4b_fk_django_co; Type: FK CONSTRAINT; Schema: public; Owner: hottabuch
--

ALTER TABLE ONLY public.auth_permission
    ADD CONSTRAINT auth_permission_content_type_id_2f476e4b_fk_django_co FOREIGN KEY (content_type_id) REFERENCES public.django_content_type(id) DEFERRABLE INITIALLY DEFERRED;


--
-- Name: django_admin_log django_admin_log_content_type_id_c4bce8eb_fk_django_co; Type: FK CONSTRAINT; Schema: public; Owner: hottabuch
--

ALTER TABLE ONLY public.django_admin_log
    ADD CONSTRAINT django_admin_log_content_type_id_c4bce8eb_fk_django_co FOREIGN KEY (content_type_id) REFERENCES public.django_content_type(id) DEFERRABLE INITIALLY DEFERRED;


--
-- Name: django_admin_log django_admin_log_user_id_c564eba6_fk_users_user_id; Type: FK CONSTRAINT; Schema: public; Owner: hottabuch
--

ALTER TABLE ONLY public.django_admin_log
    ADD CONSTRAINT django_admin_log_user_id_c564eba6_fk_users_user_id FOREIGN KEY (user_id) REFERENCES public.users_user(id) DEFERRABLE INITIALLY DEFERRED;


--
-- Name: orders_order orders_order_connection_type_id_26741860_fk_services_; Type: FK CONSTRAINT; Schema: public; Owner: hottabuch
--

ALTER TABLE ONLY public.orders_order
    ADD CONSTRAINT orders_order_connection_type_id_26741860_fk_services_ FOREIGN KEY (connection_type_id) REFERENCES public.services_connectiontypeplace(id) DEFERRABLE INITIALLY DEFERRED;


--
-- Name: orders_order orders_order_equipment_id_5fc9baab_fk_services_equipment_id; Type: FK CONSTRAINT; Schema: public; Owner: hottabuch
--

ALTER TABLE ONLY public.orders_order
    ADD CONSTRAINT orders_order_equipment_id_5fc9baab_fk_services_equipment_id FOREIGN KEY (equipment_id) REFERENCES public.services_equipment(id) DEFERRABLE INITIALLY DEFERRED;


--
-- Name: orders_order orders_order_promotions_id_a3d089a6_fk_services_promotion_id; Type: FK CONSTRAINT; Schema: public; Owner: hottabuch
--

ALTER TABLE ONLY public.orders_order
    ADD CONSTRAINT orders_order_promotions_id_a3d089a6_fk_services_promotion_id FOREIGN KEY (promotions_id) REFERENCES public.services_promotion(id) DEFERRABLE INITIALLY DEFERRED;


--
-- Name: orders_order orders_order_settlement_id_ef2d789d_fk_services_locality_id; Type: FK CONSTRAINT; Schema: public; Owner: hottabuch
--

ALTER TABLE ONLY public.orders_order
    ADD CONSTRAINT orders_order_settlement_id_ef2d789d_fk_services_locality_id FOREIGN KEY (settlement_id) REFERENCES public.services_locality(id) DEFERRABLE INITIALLY DEFERRED;


--
-- Name: orders_order orders_order_urgent_connection_id_df9427c0_fk_services_; Type: FK CONSTRAINT; Schema: public; Owner: hottabuch
--

ALTER TABLE ONLY public.orders_order
    ADD CONSTRAINT orders_order_urgent_connection_id_df9427c0_fk_services_ FOREIGN KEY (urgent_connection_id) REFERENCES public.services_urgentconnection(id) DEFERRABLE INITIALLY DEFERRED;


--
-- Name: orders_order orders_order_user_profile_id_badc54ad_fk_users_user_id; Type: FK CONSTRAINT; Schema: public; Owner: hottabuch
--

ALTER TABLE ONLY public.orders_order
    ADD CONSTRAINT orders_order_user_profile_id_badc54ad_fk_users_user_id FOREIGN KEY (user_profile_id) REFERENCES public.users_user(id) DEFERRABLE INITIALLY DEFERRED;


--
-- Name: profiles_installationmaster profiles_installatio_connection_type_id_3365f36f_fk_services_; Type: FK CONSTRAINT; Schema: public; Owner: hottabuch
--

ALTER TABLE ONLY public.profiles_installationmaster
    ADD CONSTRAINT profiles_installatio_connection_type_id_3365f36f_fk_services_ FOREIGN KEY (connection_type_id) REFERENCES public.services_connectiontype(id) DEFERRABLE INITIALLY DEFERRED;


--
-- Name: profiles_installationmasterpromotion profiles_installatio_installation_master__7cd775d9_fk_profiles_; Type: FK CONSTRAINT; Schema: public; Owner: hottabuch
--

ALTER TABLE ONLY public.profiles_installationmasterpromotion
    ADD CONSTRAINT profiles_installatio_installation_master__7cd775d9_fk_profiles_ FOREIGN KEY (installation_master_id) REFERENCES public.profiles_installationmaster(id) DEFERRABLE INITIALLY DEFERRED;


--
-- Name: profiles_installationmaster_promotions profiles_installatio_installationmaster_i_4e932f15_fk_profiles_; Type: FK CONSTRAINT; Schema: public; Owner: hottabuch
--

ALTER TABLE ONLY public.profiles_installationmaster_promotions
    ADD CONSTRAINT profiles_installatio_installationmaster_i_4e932f15_fk_profiles_ FOREIGN KEY (installationmaster_id) REFERENCES public.profiles_installationmaster(id) DEFERRABLE INITIALLY DEFERRED;


--
-- Name: profiles_installationmaster_equipment profiles_installatio_installationmaster_i_ec1a3dfe_fk_profiles_; Type: FK CONSTRAINT; Schema: public; Owner: hottabuch
--

ALTER TABLE ONLY public.profiles_installationmaster_equipment
    ADD CONSTRAINT profiles_installatio_installationmaster_i_ec1a3dfe_fk_profiles_ FOREIGN KEY (installationmaster_id) REFERENCES public.profiles_installationmaster(id) DEFERRABLE INITIALLY DEFERRED;


--
-- Name: profiles_installationmaster_promotions profiles_installatio_promotion_id_28e9c26b_fk_services_; Type: FK CONSTRAINT; Schema: public; Owner: hottabuch
--

ALTER TABLE ONLY public.profiles_installationmaster_promotions
    ADD CONSTRAINT profiles_installatio_promotion_id_28e9c26b_fk_services_ FOREIGN KEY (promotion_id) REFERENCES public.services_promotion(id) DEFERRABLE INITIALLY DEFERRED;


--
-- Name: profiles_installationmasterpromotion profiles_installatio_promotion_id_d20d584b_fk_services_; Type: FK CONSTRAINT; Schema: public; Owner: hottabuch
--

ALTER TABLE ONLY public.profiles_installationmasterpromotion
    ADD CONSTRAINT profiles_installatio_promotion_id_d20d584b_fk_services_ FOREIGN KEY (promotion_id) REFERENCES public.services_promotion(id) DEFERRABLE INITIALLY DEFERRED;


--
-- Name: profiles_installationmaster profiles_installatio_settlement_id_47c0ca77_fk_services_; Type: FK CONSTRAINT; Schema: public; Owner: hottabuch
--

ALTER TABLE ONLY public.profiles_installationmaster
    ADD CONSTRAINT profiles_installatio_settlement_id_47c0ca77_fk_services_ FOREIGN KEY (settlement_id) REFERENCES public.services_settlement(id) DEFERRABLE INITIALLY DEFERRED;


--
-- Name: profiles_installationmaster profiles_installatio_urgent_connection_id_0d20bbae_fk_services_; Type: FK CONSTRAINT; Schema: public; Owner: hottabuch
--

ALTER TABLE ONLY public.profiles_installationmaster
    ADD CONSTRAINT profiles_installatio_urgent_connection_id_0d20bbae_fk_services_ FOREIGN KEY (urgent_connection_id) REFERENCES public.services_urgentconnection(id) DEFERRABLE INITIALLY DEFERRED;


--
-- Name: profiles_installationmaster profiles_installatio_user_profile_id_eebb55c2_fk_users_use; Type: FK CONSTRAINT; Schema: public; Owner: hottabuch
--

ALTER TABLE ONLY public.profiles_installationmaster
    ADD CONSTRAINT profiles_installatio_user_profile_id_eebb55c2_fk_users_use FOREIGN KEY (user_profile_id) REFERENCES public.users_user(id) DEFERRABLE INITIALLY DEFERRED;


--
-- Name: services_connectiontypeplace services_connectiont_locality_id_9d6f5fc1_fk_services_; Type: FK CONSTRAINT; Schema: public; Owner: hottabuch
--

ALTER TABLE ONLY public.services_connectiontypeplace
    ADD CONSTRAINT services_connectiont_locality_id_9d6f5fc1_fk_services_ FOREIGN KEY (locality_id) REFERENCES public.services_locality(id) DEFERRABLE INITIALLY DEFERRED;


--
-- Name: services_equipment services_equipment_equipment_type_id_d23db236_fk_services_; Type: FK CONSTRAINT; Schema: public; Owner: hottabuch
--

ALTER TABLE ONLY public.services_equipment
    ADD CONSTRAINT services_equipment_equipment_type_id_d23db236_fk_services_ FOREIGN KEY (equipment_type_id) REFERENCES public.services_equipmenttype(id) DEFERRABLE INITIALLY DEFERRED;


--
-- Name: users_user_groups users_user_groups_group_id_9afc8d0e_fk_auth_group_id; Type: FK CONSTRAINT; Schema: public; Owner: hottabuch
--

ALTER TABLE ONLY public.users_user_groups
    ADD CONSTRAINT users_user_groups_group_id_9afc8d0e_fk_auth_group_id FOREIGN KEY (group_id) REFERENCES public.auth_group(id) DEFERRABLE INITIALLY DEFERRED;


--
-- Name: users_user_groups users_user_groups_user_id_5f6f5a90_fk_users_user_id; Type: FK CONSTRAINT; Schema: public; Owner: hottabuch
--

ALTER TABLE ONLY public.users_user_groups
    ADD CONSTRAINT users_user_groups_user_id_5f6f5a90_fk_users_user_id FOREIGN KEY (user_id) REFERENCES public.users_user(id) DEFERRABLE INITIALLY DEFERRED;


--
-- Name: users_user_user_permissions users_user_user_perm_permission_id_0b93982e_fk_auth_perm; Type: FK CONSTRAINT; Schema: public; Owner: hottabuch
--

ALTER TABLE ONLY public.users_user_user_permissions
    ADD CONSTRAINT users_user_user_perm_permission_id_0b93982e_fk_auth_perm FOREIGN KEY (permission_id) REFERENCES public.auth_permission(id) DEFERRABLE INITIALLY DEFERRED;


--
-- Name: users_user_user_permissions users_user_user_permissions_user_id_20aca447_fk_users_user_id; Type: FK CONSTRAINT; Schema: public; Owner: hottabuch
--

ALTER TABLE ONLY public.users_user_user_permissions
    ADD CONSTRAINT users_user_user_permissions_user_id_20aca447_fk_users_user_id FOREIGN KEY (user_id) REFERENCES public.users_user(id) DEFERRABLE INITIALLY DEFERRED;


--
-- Name: SCHEMA public; Type: ACL; Schema: -; Owner: hottabuch
--

REVOKE USAGE ON SCHEMA public FROM PUBLIC;
GRANT ALL ON SCHEMA public TO PUBLIC;


--
-- PostgreSQL database dump complete
--

